Teams,Name,Bio,Image,Content
Biz Dev,Saksham Bansal,I am a football fanatic and love to read novels outside of work.,https://storage.googleapis.com/website-team-page/team-members/Saksham-Bansal.jpg,
Biz Dev,Manu Bansal,I enjoy cycling on the weekends. It is a great way to explore a city too!,https://storage.googleapis.com/website-team-page/team-members/manu-bansal.jpg,
Biz Dev,Arpit Sinha,"Pets, Plants, Travel, Sports!",https://storage.googleapis.com/website-team-page/team-members/Arpit-Sinha-new.png,
Biz Dev,Akanksha Jain,"Your sidekick bringing positivity, thriving in chaos with a grin and a playlist for every mood ",https://storage.googleapis.com/website-team-page/team-members/Akanksha-Jain.jpg,
Biz Dev,join-team,,,Join the Biz Dev team!
Growth and Marketing,Monika Singh Chahal,The extroverted introvert,https://storage.googleapis.com/website-team-page/team-members/team-page-pics/Monika-Singh-Chahal.jpg,
Customer Experience,Rajatha B M,"When I‚Äôm not firefighting customer issues at work, I‚Äôm masquerading as a budding Instagram dog-mom.",https://storage.googleapis.com/website-team-page/team-members/Rajatha-B-M.jpg,
Customer Experience,Sushaan Attavar,"Astronomy, star gazing, beaches and sunsets, are the things I'd be at when away from work. ",https://storage.googleapis.com/website-team-page/team-members/Sushaan-Attavar.jpg,
Customer Experience,Abhishek Tiwary,"Hi there! When we meet let‚Äôs talk about mountains, dogs and books.",https://storage.googleapis.com/website-team-page/team-members/abhishek-tiwary.jpg,
Customer Experience,Sonal Porwal,I love spending time cooking and baking. Calligraphy is another hobby I love.,https://storage.googleapis.com/website-team-page/team-members/sonal.jpg,
Customer Experience,Sonia Dev,"I am obsessed with travel, doggy belly rubs and anything that ends with cake.",https://storage.googleapis.com/website-team-page/team-members/sonia-dev.jpg,
Design,Kavya Jha,"Sampler of experiences, board games and whiskeys‚Äîinterested in doing something about climate change.",https://storage.googleapis.com/website-team-page/team-members/Kavya-Jha.jpg,
Design,Vivek G,"Full designer, half developer, quarter writer and a bit of everything else",https://storage.googleapis.com/website-team-page/team-members/Vivek-G-new.png,
Design,Madhuri P.A ,"I love to dabble in design, desserts and destinations.",https://storage.googleapis.com/website-team-page/team-members/Madhuri-P-A.jpg,
Design,Sujan Sundareswaran,"Connoisseur of fine scotch, penitent traveller, and wannabe novelist. I do a little bit of everything.",https://storage.googleapis.com/website-team-page/team-members/Sujan-Sundareswaran.jpg,
Design,Geetika Shukla,I‚Äôm a pre-crastinator who cannot choose between Paris Pro and Poppins.,https://storage.googleapis.com/website-team-page/team-members/Geetika-Shukla.jpg,
Design,Aditya Gannavarapu,I am Batman.,https://storage.googleapis.com/website-team-page/team-members/Adi-Gannavarapu.jpg,
Design,Roshni Nayak,"Big fan of filter coffee, spoilers, and cat memes.",https://storage.googleapis.com/website-team-page/team-members/team-page-pics/Roshni-Nayak.jpg,
Design,Pankaj Dwivedi,"‚Äú‚ÄòGood artists borrow, Great artists steal‚Äô ‚Äî Pablo Picasso‚Äù ‚Äî Pankaj.",https://storage.googleapis.com/website-team-page/team-members/pankaj-dwivedi.jpg,
D91 Labs,Vinith Kurian,"Trying to make sense of the world, one research question at a time!",https://storage.googleapis.com/website-team-page/team-members/team-page-pics/Vinith-Kurian.jpg,
D91 Labs,Monami Dasgupta,I‚Äôm fond of learning by doing.,https://storage.googleapis.com/website-team-page/team-members/Monami-Dasgupta.jpg,
Engineering,Saai Nithil,I love being home; hate loud music.,https://storage.googleapis.com/website-team-page/team-members/Saai-Nithil-R.jpg,
Engineering,Tejas M,A tech enthusiast whom you'll find in a FPS game lobby when not working.,https://storage.googleapis.com/website-team-page/team-members/Tejas-M.png,
Engineering,Biprakanta Pal,"Bike, Travel, Anime! Currently holding onto these three other than work.",https://storage.googleapis.com/website-team-page/team-members/Biprakanta-Pal.jpg,
Engineering,Sarthak Mehra,A nocturnal animal that loves exploring food on the weekends.,https://storage.googleapis.com/website-team-page/team-members/Sarthak-Mehra-new.png,
Engineering,Sunil Kumar,"I love farming, and thats why I enjoy staying in my village.",https://storage.googleapis.com/website-team-page/team-members/Sunil-Kumar.jpg,
Engineering,Tanmay Dixit,Always on the hunt for the city's best momo stalls,https://storage.googleapis.com/website-team-page/team-members/Tanmay-Dixit.jpg,
Engineering,Garima Gunjan,I love different kinds of adventure sports.,https://storage.googleapis.com/website-team-page/team-members/Garima-Gunjan.jpg,
Engineering,Kaustav Banerjee,I love to escape reality and dive into Sci-Fi/fantasy worlds,https://storage.googleapis.com/website-team-page/team-members/Kaustav-Banerjee-new.png,
Engineering,Arpit Patel,"Full-time cricket enthusiast, part-time code maestro, weaving digital magic to uplift lives across the cricket-crazy streets of India.",https://storage.googleapis.com/website-team-page/team-members/Arpit-Patel.jpg,
Engineering,Varun B,"I am life's sincere student, trying to constantly learn all new things coming in my way.",https://storage.googleapis.com/website-team-page/team-members/Varun-B.jpg,
Engineering,Rathnakara Shrinivas,I love to play chess and table tennis.,https://storage.googleapis.com/website-team-page/team-members/rathnakara.jpg,
Engineering,Suraj Mittal,"I'm a science and technology buff and I love playing badminton. Also, I'm a huge Liverpool fan!",https://storage.googleapis.com/website-team-page/team-members/suraj.jpg,
Engineering,Shrivatsa Swadi,I love the idea of reading for a living.,https://storage.googleapis.com/website-team-page/team-members/Shrivatsa-Swadi.jpg,
Engineering,Aayush Malhotra,I‚Äôm a full time gamer and part time developer or maybe the other way around.,https://storage.googleapis.com/website-team-page/team-members/Aayush-Malhotra.jpg,
Engineering,Vatsal Bhasin,Love binge watching and discovering new destinations,https://storage.googleapis.com/website-team-page/team-members/Vatsal-Bhasin-new.png,
Engineering,Kartik Chopra,"Photography, and listening to music and cooking on a weekend is just pyaar. <3",https://storage.googleapis.com/website-team-page/team-members/Kartik-Chopra.jpg,
Engineering,Shashi Budati,"I‚Äôm athletic, can‚Äôt you tell? I‚Äôm known to surf the web for hours.",https://storage.googleapis.com/website-team-page/team-members/Shashi-Budati.jpg,
Engineering,Krishna Teja,"I love plants, people and puppies and in that order.",https://storage.googleapis.com/website-team-page/team-members/Krishna-Teja.jpg,
Engineering,Irfan Shah,"While any editor can save your files, only Emacs can save your soul!",https://storage.googleapis.com/website-team-page/team-members/Irfan-Shah.jpg,
Engineering,Ian Galvin Fernandes,I love trying out new cuisines and am always on the lookout for the next exotic dish I can eat up.,https://storage.googleapis.com/website-team-page/team-members/Ian-Galvin-Fernandes.jpg,
Engineering,Thilak Reddy,Apart from coding I like to watch anime and wander over the internet.,https://storage.googleapis.com/website-team-page/team-members/Thilak-Reddy-new.png,
Engineering,Gnanesh R,I'm a saint in the church of Emacs.,https://storage.googleapis.com/website-team-page/team-members/Gnanesh-R.jpeg,
Engineering,Dhruv Misra,Bridge between Design and Engineering. Sometimes code between hours of procrastination and watching football.,https://storage.googleapis.com/website-team-page/team-members/Dhruv-Misra.jpg,
Engineering,Dhrumil,"Board games excite me (apart from Ludo), I also love going on treks, and I read (sometimes).",https://storage.googleapis.com/website-team-page/team-members/Dhrumil-Popat.jpg,
Engineering,Roshni Kanjani,I love to travel solo and lift weights in the gym outside of my work life.,https://storage.googleapis.com/website-team-page/team-members/roshni-kanjani.png,
Engineering,Santosh Salimath,"Eat, Sleep, Work, F1, Repeat!!",https://storage.googleapis.com/website-team-page/team-members/santosh-salimath.png,
Engineering,Rahul Roy,"Probably a nerd at home,  trying to squeeze in some sports here & there. Still playing AOE 1...",https://storage.googleapis.com/website-team-page/team-members/rahul-roy.png,
Engineering,Kamal Maharana,"I love to talk, discuss and learn about tech, business and sports.",https://storage.googleapis.com/website-team-page/team-members/kamalkant-maharana.png,
Engineering,Rohit Dhanda,Chai + Code + Conversations + Travel + .......stackoverflow :P and I got your back in backend ;),https://storage.googleapis.com/website-team-page/team-members/rohit-dhandha.png,
Engineering,Aditya Bhushan Dwivedi,"Removing obstacles, one at a time.",https://storage.googleapis.com/website-team-page/team-members/aditya-dwivedi.jpg,
Engineering,Arppit Madankar,"Programmer, mostly using Python, AWS, and Unix tools.Rock music enjoyer.",https://storage.googleapis.com/website-team-page/team-members/Arppit-Mandankar.png,
Engineering,Abhishek Jha,Jack of all trades and master of some,https://storage.googleapis.com/website-team-page/team-members/Abhishek-Jha.jpg,
Engineering,Anshul Bidhuri,Enjoys challenges with positive mindset!,https://storage.googleapis.com/website-team-page/team-members/Anshul-Biduri.jpg,
Engineering,Abhishek Vaidya,Professional gully cricketer who loves to work on cloud and play video games,https://storage.googleapis.com/website-team-page/team-members/Abhishek-Vaidya.jpg,
Engineering,Anindya Pandey,"I enjoy Manga, Anime, Music, Poetry, Books, Food and Winters :) ",https://storage.googleapis.com/website-team-page/team-members/Anindya-Pandey.jpg,
Product,Bhargavi Mittal,Selectively curious. Explorer of places and perspectives. Wannabe writer. Punctual for morning fitness (runs and yoga). Fintech and policy making sounds exciting!, https://storage.googleapis.com/website-team-page/team-members/Bhargavi-Mittal.png,
Engineering,Nitish Kumar,Enjoy travelling with family and love exploring/using new gadgets,https://storage.googleapis.com/website-team-page/team-members/team-page-pics/Nitish-Kumar.jpg,
Engineering,Anurag Vyas,"I love to explore different cultures and their reasonings. I'm also an anime enthusiast and yes, I gets crazy with all the 90s stuff too, retro is eternal!",https://storage.googleapis.com/website-team-page/team-members/team-page-pics/Anurag-Vyas.jpg,
Engineering,Bhanuteja Muthineni,"Love off-beat trekking, especially in forests!",https://storage.googleapis.com/website-team-page/team-members/Bhanuteja-Muthineni.png,
Engineering,Sreejit De,I love watching sports and reading while snacking on dark chocolates.,https://storage.googleapis.com/website-team-page/team-members/team-page-pics/Sreejit-De.jpg,
Engineering,Kalpit Pant,I love watching anime and reading manga. Favourite character - Itachi.,https://storage.googleapis.com/website-team-page/team-members/team-page-pics/Kalpit-Pant.jpg,
Engineering,Venkatavaradan Raghuraman,Foodie in a Hoodie üòã,https://storage.googleapis.com/website-team-page/team-members/Venkat-R.png,
Engineering,Sunil Kumar Saini,"If I'm not doing anything great you will find me talking on anything from farms to galaxies, love to politics or watching Netflix",https://storage.googleapis.com/website-team-page/team-members/team-page-pics/Sunil-Kumar-Saini.jpg,
Engineering,Pulkit Verma,Fascinated about the wonders of the world and the experiences it offers,https://storage.googleapis.com/website-team-page/team-members/team-page-pics/Pulkit-Verma.jpg,
Engineering,Prakhar Kumar,"Part time gamer, full time Redditor.",https://storage.googleapis.com/website-team-page/team-members/Prakhar-Kumar.png,
Engineering,Saurabh Sharma,I am curious person and who is eager to know the why behind everything.,https://storage.googleapis.com/website-team-page/team-members/Saurabh-Sharma.jpg,
Engineering,Rahul Khanna,"Learn, Unlearn, Relearn",https://storage.googleapis.com/website-team-page/team-members/Rahul-Khanna.jpg,
Engineering,Virendra Singh,"Music, Sports, Read",https://storage.googleapis.com/website-team-page/team-members/Virendra-Singh.jpg,
Engineering,Sharat Oommen,"I love spending time with my pup, eating good food, and travelling.",https://storage.googleapis.com/website-team-page/team-members/Sharat-Oommen.jpg,
Engineering,Varun Sonava,I‚Äôm an explorer craving for good music and a pool to swim.,https://storage.googleapis.com/website-team-page/team-members/varun-sonava.jpg,
Engineering,Chayan Bansal,"A nocturnal animal who watches a lot of movies/series, talks about investments and works in tech!",https://storage.googleapis.com/website-team-page/team-members/Chayan-Bansal.jpg,
Engineering,Shivam Sharma,"A tech adventurer, exploring the world, and devouring the flavours of both software and savouries.",https://storage.googleapis.com/website-team-page/team-members/Shivam-Sharma.jpg,
Engineering,Swaraj Kausik,I'm Heisenberg when I'm gaming and Jesse when I'm coding.,https://storage.googleapis.com/website-team-page/team-members/Swaraj-Kausik.jpg,
Engineering,Gaurav Karariya,Seeker of new adventures and exhilarating thrills. ,https://storage.googleapis.com/website-team-page/team-members/Gaurav-Karariya.jpg,
Engineering,join-team,,,Join the Engineering team!
Product,Shristy Jeloka,I love to dance and listen to music.,https://storage.googleapis.com/website-team-page/team-members/Shristy-Jeloka.jpg,
Product,Gautham M K,I enjoy running and lifting weights outside of work.,https://storage.googleapis.com/website-team-page/team-members/Gautham-MK.png,
Finance,Shubham Singhal,I love to keep things simple and make sure simple things are perfect.,https://storage.googleapis.com/website-team-page/team-members/Shubham-Singal.jpg,
Finance,Krishnakant Drolia,"I am a binge watcher, dog lover. marvel fanatic.", https://storage.googleapis.com/website-team-page/team-members/Krishnakant.png,
Product,Bhavani Venkatesh,"Love making new friends, pet lover, music lover, crazy about ice cream and chocolates.",https://storage.googleapis.com/website-team-page/team-members/bhavani.png,
Founders,Sahil Kini,"I am a dad to a 2.5 year old company and a 3.5 year old boy. I love tackling messy problems, obsessing over big ideas, and discovering elegant solutions.",https://storage.googleapis.com/website-team-page/team-members/Sahil-Kini.jpg,
Founders,Nikhil Kumar,I build bridges for a living.,https://storage.googleapis.com/website-team-page/team-members/Nikhil-Kumar.jpg,
CEO's Office,Puranjay Mahapatra,I take pride in helping others become productive!,https://storage.googleapis.com/website-team-page/team-members/Puranjay-Mahapatra.jpg,
Legal and Compliance,Vinay Kesari,I am powerless in the face of Steam sales and Humble Bundles,https://storage.googleapis.com/website-team-page/team-members/Vinay-Kesari.jpg,
Legal and Compliance,Madhuri,Avid collector of high heels and cat memes,https://storage.googleapis.com/website-team-page/team-members/team-page-pics/Madhuri-Raju.jpg,
Office Management,Meena Rajesh Nayak,"Apart from my job, I love cooking (I make the best cabbage rolls in Setu) and binge-watching Korean TV shows.",https://storage.googleapis.com/website-team-page/team-members/Meena-Nayak.jpg,
Office Management,Prabhu V,I am a hard-working and driven individual who isn't afraid to face a challenge.,https://storage.googleapis.com/website-team-page/team-members/Prabhu-V.jpg,
People Ops,Ruby Jane Antony,"I‚Äôm a binge watcher, dessert buff, spammer of anything travel and meme related!",https://storage.googleapis.com/website-team-page/team-members/Ruby-Jane-Antony.jpg,
People Ops,Asveen Kaur,I love to cook and experiment with food!,https://storage.googleapis.com/website-team-page/team-members/asveen-kaur.png,
Product,Akshay Joshi,"I love capturing moments with my phone, meditate to seek zen, listens to classical music and enjoys reading mystery novels!",https://storage.googleapis.com/website-team-page/team-members/Akshay-Joshi.jpg,
Product,Pavankumar Kamat,I am weird because normal is overrated!,https://storage.googleapis.com/website-team-page/team-members/Pavankumar-Kamat.jpg,
Product,Atreya Arun,"At work, I love diving head first into challenges & solving problems (especially in the Indian context). Outside of work, I enjoy authentic food & drink, travelling and reading.",https://storage.googleapis.com/website-team-page/team-members/atreya-arun.png,
Product,Shivam Shashikant,Football. F1. Meditation. Books. Travelling. Mental Health.,https://storage.googleapis.com/website-team-page/team-members/team-page-pics/Shivam-Shashikant.jpg,
Product,Asmita Chatterjee,I love deep dives on consumer psychology and long walks!,https://storage.googleapis.com/website-team-page/team-members/asmita-chatterjee.jpg,
Customer Advisory and Solutions,Sivagar Baskeran,Strong believer in efficiency = clever laziness,https://storage.googleapis.com/website-team-page/team-members/Sivagar-Baskeran.jpg,
Product,Amlan Jena,Seeker of good food & great company ,https://storage.googleapis.com/website-team-page/team-members/Amlan-Jena.jpg,
Fave,Gokul Harikumar,Gokul loves dogs and discovering off-beat movies,https://storage.googleapis.com/website-team-page/team-members/Gokul-Harikumar.png,
Fave,George Thomas Shanti,George likes to start working out every few months for periods of 2 weeks.,https://storage.googleapis.com/website-team-page/team-members/George-Thomas-Shanti.png,
Biz Dev,Sharmila Singhal,"Sharmila loves to spend her time taking care of her green babies :potted_plant: , and dabbling in cooking experiments outside of work ! ",https://storage.googleapis.com/website-team-page/team-members/Sharmila%20-Singhal.png,
Biz Dev,Abhishek Kikani,Travel | Sports | Books,https://storage.googleapis.com/website-team-page/team-members/Abhishek-Kikani.png,
Fave,Gopikrishnan Mohan,üèãüèΩ üë®üèΩ‚Äçüíªüê∂üí´,https://storage.googleapis.com/website-team-page/team-members/Gopikrishnan-Mohan.png,
Engineering,Naimisha,I am TRAVEL JUNKIE outside of work !!,https://storage.googleapis.com/website-team-page/team-members/Naimisha.png,
Growth and Marketing,Smriti Krishna,A textile and fabric junkie. I dabble in art and cheap DIY hacks.,https://storage.googleapis.com/website-team-page/team-members/Smriti-Krishna.png,
Setu AA,Sherine Gifta E,"Petrichor enthusiast, always armed with a cup of coffee.",https://storage.googleapis.com/website-team-page/team-members/Sherine-Gifta.png,
Engineering,Anubhav Kumar,Anubhav is a Geek who is also a Biker and a Gym Rat and a Sketch Artist :),https://storage.googleapis.com/website-team-page/team-members/Anubhav-%20Kumar.png,
Engineering,Prabal Tikeriha,"Prabal loves exploring new things, whether online or by visiting different places.",https://storage.googleapis.com/website-team-page/team-members/Prabal-Thikeria.png,
Biz Dev,Aalap Apurva Savla,Aalap loves to spend his time as a sports fanatic and a wanderlust traveller outside of work,https://storage.googleapis.com/website-team-page/team-members/Aalap-Savla.png,
Customer Experience,Jason Dsilva,"Jason loves to go on bike rides, build battlebots and play guitar.",https://storage.googleapis.com/website-team-page/team-members/Jason-D'silva.png,
Growth and Marketing,Priya Bansal,I dance my way through life!,https://storage.googleapis.com/website-team-page/team-members/Priya-Bansal.png,
Engineering,Hrishabh Palsra,"Hrishabh enjoys staying active with workouts, playing badminton, and discovering new places.",https://storage.googleapis.com/website-team-page/team-members/Hrishabh-%20Palsra.png,
Engineering,Prashantha K,"I'm a passionate and dedicated individual, fueled by curiosity and a love for fitness",https://storage.googleapis.com/website-team-page/team-members/Prashantha-KP.png,
Engineering,Avinash Prajapati,"Cats, code, and cinema‚Äîfuelling imagination, one scene at a time.",https://storage.googleapis.com/website-team-page/team-members/Avinash-Prajapati.png,
Customer Experience,Shourjo Sett,Good man skilled at violence.,https://storage.googleapis.com/website-team-page/team-members/Shourjo-Sett.png,
Fave,Asif Ali,"I am always cheerful, love to travel, enjoy diving into the world of video games, and an avid anime binge-watcher.",https://storage.googleapis.com/website-team-page/team-members/Asif-Ali.png,
Engineering,Shiva,"Food, humour, and fun! ",https://storage.googleapis.com/website-team-page/team-members/Buraka-Shiva-Rama-Krishna.png,
Customer Advisory and Solutions,Akash Chugh,"Akash is an inquisitive and explorer soul who regularly plays badminton and swims, occasionally reads books, and is a Vipassana practitioner. ",https://storage.googleapis.com/website-team-page/team-members/Akash-Chugh.png,
Engineering,Jaspreet Singh,Jaspreet likes to test software so thoroughly that even bugs start to feel guilty for hiding from him!,https://storage.googleapis.com/website-team-page/team-members/Jaspreet-Singh.png,
Engineering,Kanak Vyas,"I'm the type to organise a last-minute road trip, and keep the mood up even if we get a flat tire.",https://storage.googleapis.com/website-team-page/team-members/Kanak-Vyas.png,
Customer Experience,Ferin Ahammed,"Ferin is an avid boardgame enthusiast, who also enjoys *trying* to create art as a hobby.",https://storage.googleapis.com/website-team-page/team-members/Ferin-Ahammed.png,
Fave,Monica Eugene,Monica is eclectic hobbyist who spends a lot of her time and money on her dog.,https://storage.googleapis.com/website-team-page/team-members/Monica-Evgene.png,
Engineering,Ashita Gaur,Powered by coffee and cosmos ‚ú®,https://storage.googleapis.com/website-team-page/team-members/Ashita-Gaur.png,
Customer Advisory and Solutions,Aditya Agarwal,I'm a football fanatic who enjoys reading and loves chatting about everything from the mundane to the marvellous!,https://storage.googleapis.com/website-team-page/team-members/Aditya-Agarwal.png,
Setu AA,Kalpita Ashish Joshi,Simplicity is the ultimate sophistication for Kalpita.,https://storage.googleapis.com/website-team-page/team-members/Kalpita-Joshi.png,
Engineering,Sanjay Singh Jhala,Setu Sorcerer.,https://storage.googleapis.com/website-team-page/team-members/Sanjay-Singh.png,
Customer Experience,Dhruv Kaushik,Dhruv loves to play poker outside of work.,https://storage.googleapis.com/website-team-page/team-members/Dhruv-Kaushik.png,
Engineering,Akshay Bakki,"Playing and watching sports all day long, likes to eat great food and excited about how tech changes the world. ",https://storage.googleapis.com/website-team-page/team-members/Akshay-Bakki.png,
Engineering,Arnab Bhattacharya,Bike rides and pumping iron.,https://storage.googleapis.com/website-team-page/team-members/Arnab-Bhattacharya.png,
Product,Jatin Pandey,I like sunsets and bookstores.,https://storage.googleapis.com/website-team-page/team-members/Jatin-Pandey.png,
CEO's Office,Anand Raisinghani,"""U2, Metallica, Vikram Seth, Amor Towles, Jhumpa Lahiri, Man Utd, Senna, Agassi""...you get the drift.",https://storage.googleapis.com/website-team-page/team-members/Anand-Raisinghani.png,
Growth and Marketing,Gunjan Saha,Full time executive to two dogs; talks for a living as part-time.,https://storage.googleapis.com/website-team-page/team-members/Gunjan-Saha.png,
Finance,Arshadh Z. Hussain,"magic, madness, heaven, sin.",https://storage.googleapis.com/website-team-page/team-members/Arshadh-Hussain.png,
Setu AA,Kinjal Bhatt,Just a curious and happy girl living her life.,https://storage.googleapis.com/website-team-page/team-members/Kinjal-Bhatt.png,
Fave,Vinay Franklin,Vinay is so obsessed with Liverpool that you probably argue with your reflection over football tactics‚Äîand still find time to show off your skills on the pitch!,https://storage.googleapis.com/website-team-page/team-members/Vinay-Franklin.png,
Biz Dev,Sarthak Biswal,Blah blah blah I'm your sales guy.,https://storage.googleapis.com/website-team-page/team-members/Sarthak-Biswal.png,
Biz Dev,Forum Visariya,"I love to travel and scuba dive most vacations, PS: I am a certified scuba diver.",https://storage.googleapis.com/website-team-page/team-members/Forum-Visariya.png,